Month,Date,Name,Time,Day
june,01,Sri Rama Lingeshwara Ekadasa Rudrabhishekam,3:00 to 4:00 p.m.,Wednesday
june,01,Sri Rama Lingeshwara Ekadasa Rudrabhishekam,3:00 to 4:00 p.m.,Wednesday
june,01,Sri Rama Lingeshwara Ekadasa Rudrabhishekam,3:00 to 4:00 p.m.,Wednesday
june,02,Sri Rama Lingeshwara Ekadasa Rudrabhishekam,3:00 to 4:00 p.m.,Wednesday
june,02,Sri Rama Lingeshwara Ekadasa Rudrabhishekam,3:00 to 4:00 p.m.,Wednesday
june,02,Sri Rama Lingeshwara Ekadasa Rudrabhishekam,3:00 to 4:00 p.m.,Wednesday
june,02,Sri Rama Lingeshwara Ekadasa Rudrabhishekam,3:00 to 4:00 p.m.,Wednesday
june,02,Sri Rama Lingeshwara Ekadasa Rudrabhishekam,3:00 to 4:00 p.m.,Wednesday
june,05,Sri Rama Lingeshwara Ekadasa Rudrabhishekam,3:00 to 4:00 p.m.,Wednesday
june,06,Sri Rama Lingeshwara Ekadasa Rudrabhishekam,3:00 to 4:00 p.m.,Wednesday
june,07,Sri Rama Lingeshwara Ekadasa Rudrabhishekam,3:00 to 4:00 p.m.,Wednesday
june,07,Sri Rama Lingeshwara Ekadasa Rudrabhishekam,3:00 to 4:00 p.m.,Wednesday
june,08,Sri Rama Lingeshwara Ekadasa Rudrabhishekam,3:00 to 4:00 p.m.,Wednesday
june,08,Sri Rama Lingeshwara Ekadasa Rudrabhishekam,3:00 to 4:00 p.m.,Wednesday
june,08,Sri Rama Lingeshwara Ekadasa Rudrabhishekam,3:00 to 4:00 p.m.,Wednesday
june,09,Sri Rama Lingeshwara Ekadasa Rudrabhishekam,3:00 to 4:00 p.m.,Wednesday
june,10,Sri Rama Lingeshwara Ekadasa Rudrabhishekam,3:00 to 4:00 p.m.,Wednesday
june,11,Sri Rama Lingeshwara Ekadasa Rudrabhishekam,3:00 to 4:00 p.m.,Wednesday
june,11,Sri Rama Lingeshwara Ekadasa Rudrabhishekam,3:00 to 4:00 p.m.,Wednesday
june,12,Sri Rama Lingeshwara Ekadasa Rudrabhishekam,3:00 to 4:00 p.m.,Wednesday
june,12,Sri Rama Lingeshwara Ekadasa Rudrabhishekam,3:00 to 4:00 p.m.,Wednesday
june,13,Sri Rama Lingeshwara Ekadasa Rudrabhishekam,3:00 to 4:00 p.m.,Wednesday
june,14,Sri Rama Lingeshwara Ekadasa Rudrabhishekam,3:00 to 4:00 p.m.,Wednesday
june,14,Sri Rama Lingeshwara Ekadasa Rudrabhishekam,3:00 to 4:00 p.m.,Wednesday
june,14,Sri Rama Lingeshwara Ekadasa Rudrabhishekam,3:00 to 4:00 p.m.,Wednesday
june,15,Sri Rama Lingeshwara Ekadasa Rudrabhishekam,3:00 to 4:00 p.m.,Wednesday
june,15,Sri Rama Lingeshwara Ekadasa Rudrabhishekam,3:00 to 4:00 p.m.,Wednesday
june,16,Sri Rama Lingeshwara Ekadasa Rudrabhishekam,3:00 to 4:00 p.m.,Wednesday
june,16,Sri Rama Lingeshwara Ekadasa Rudrabhishekam,3:00 to 4:00 p.m.,Wednesday
june,16,Sri Rama Lingeshwara Ekadasa Rudrabhishekam,3:00 to 4:00 p.m.,Wednesday
june,17,Sri Rama Lingeshwara Ekadasa Rudrabhishekam,3:00 to 4:00 p.m.,Wednesday
june,17,Sri Rama Lingeshwara Ekadasa Rudrabhishekam,3:00 to 4:00 p.m.,Wednesday
june,17,Sri Rama Lingeshwara Ekadasa Rudrabhishekam,3:00 to 4:00 p.m.,Wednesday
june,18,Sri Rama Lingeshwara Ekadasa Rudrabhishekam,3:00 to 4:00 p.m.,Wednesday
june,18,Sri Rama Lingeshwara Ekadasa Rudrabhishekam,3:00 to 4:00 p.m.,Wednesday
june,18,Sri Rama Lingeshwara Ekadasa Rudrabhishekam,3:00 to 4:00 p.m.,Wednesday
june,19,Sri Rama Lingeshwara Ekadasa Rudrabhishekam,3:00 to 4:00 p.m.,Wednesday
june,19,Sri Rama Lingeshwara Ekadasa Rudrabhishekam,3:00 to 4:00 p.m.,Wednesday
june,19,Sri Rama Lingeshwara Ekadasa Rudrabhishekam,3:00 to 4:00 p.m.,Wednesday
june,20,Sri Rama Lingeshwara Ekadasa Rudrabhishekam,3:00 to 4:00 p.m.,Wednesday
june,20,Sri Rama Lingeshwara Ekadasa Rudrabhishekam,3:00 to 4:00 p.m.,Wednesday
june,21,Sri Rama Lingeshwara Ekadasa Rudrabhishekam,3:00 to 4:00 p.m.,Wednesday
june,21,Sri Rama Lingeshwara Ekadasa Rudrabhishekam,3:00 to 4:00 p.m.,Wednesday
june,22,Sri Rama Lingeshwara Ekadasa Rudrabhishekam,3:00 to 4:00 p.m.,Wednesday
june,22,Sri Rama Lingeshwara Ekadasa Rudrabhishekam,3:00 to 4:00 p.m.,Wednesday
june,22,Sri Rama Lingeshwara Ekadasa Rudrabhishekam,3:00 to 4:00 p.m.,Wednesday
june,23,Sri Rama Lingeshwara Ekadasa Rudrabhishekam,3:00 to 4:00 p.m.,Wednesday
june,23,Sri Rama Lingeshwara Ekadasa Rudrabhishekam,3:00 to 4:00 p.m.,Wednesday
june,23,Sri Rama Lingeshwara Ekadasa Rudrabhishekam,3:00 to 4:00 p.m.,Wednesday
june,24,Sri Rama Lingeshwara Ekadasa Rudrabhishekam,3:00 to 4:00 p.m.,Wednesday
june,24,Sri Rama Lingeshwara Ekadasa Rudrabhishekam,3:00 to 4:00 p.m.,Wednesday
june,24,Sri Rama Lingeshwara Ekadasa Rudrabhishekam,3:00 to 4:00 p.m.,Wednesday
june,24,Sri Rama Lingeshwara Ekadasa Rudrabhishekam,3:00 to 4:00 p.m.,Wednesday
june,24,Sri Rama Lingeshwara Ekadasa Rudrabhishekam,3:00 to 4:00 p.m.,Wednesday
june,23,Sri Rama Lingeshwara Ekadasa Rudrabhishekam,3:00 to 4:00 p.m.,Wednesday
june,24,Sri Rama Lingeshwara Ekadasa Rudrabhishekam,3:00 to 4:00 p.m.,Wednesday
june,24,Sri Rama Lingeshwara Ekadasa Rudrabhishekam,3:00 to 4:00 p.m.,Wednesday
june,24,Sri Rama Lingeshwara Ekadasa Rudrabhishekam,3:00 to 4:00 p.m.,Wednesday
june,26,Sri Rama Lingeshwara Ekadasa Rudrabhishekam,3:00 to 4:00 p.m.,Wednesday
june,22,Sri Rama Lingeshwara Ekadasa Rudrabhishekam,3:00 to 4:00 p.m.,Wednesday
june,16,Sri Rama Lingeshwara Ekadasa Rudrabhishekam,3:00 to 4:00 p.m.,Wednesday
june,26,Sri Rama Lingeshwara Ekadasa Rudrabhishekam,3:00 to 4:00 p.m.,Wednesday
june,26,Sri Rama Lingeshwara Ekadasa Rudrabhishekam,3:00 to 4:00 p.m.,Wednesday
june,26,Sri Rama Lingeshwara Ekadasa Rudrabhishekam,3:00 to 4:00 p.m.,Wednesday
june,26,Sri Rama Lingeshwara Ekadasa Rudrabhishekam,3:00 to 4:00 p.m.,Wednesday
june,26,Sri Rama Lingeshwara Ekadasa Rudrabhishekam,3:00 to 4:00 p.m.,Wednesday
june,26,Sri Rama Lingeshwara Ekadasa Rudrabhishekam,3:00 to 4:00 p.m.,Wednesday
june,26,Sri Rama Lingeshwara Ekadasa Rudrabhishekam,3:00 to 4:00 p.m.,Wednesday
june,26,Sri Rama Lingeshwara Ekadasa Rudrabhishekam,3:00 to 4:00 p.m.,Wednesday
june,26,Sri Rama Lingeshwara Ekadasa Rudrabhishekam,3:00 to 4:00 p.m.,Wednesday
june,26,Sri Rama Lingeshwara Ekadasa Rudrabhishekam,3:00 to 4:00 p.m.,Wednesday
june,26,Sri Rama Lingeshwara Ekadasa Rudrabhishekam,3:00 to 4:00 p.m.,Wednesday
june,26,Sri Rama Lingeshwara Ekadasa Rudrabhishekam,3:00 to 4:00 p.m.,Wednesday
june,26,Sri Rama Lingeshwara Ekadasa Rudrabhishekam,3:00 to 4:00 p.m.,Wednesday
june,26,Sri Rama Lingeshwara Ekadasa Rudrabhishekam,3:00 to 4:00 p.m.,Wednesday
june,26,Sri Rama Lingeshwara Ekadasa Rudrabhishekam,3:00 to 4:00 p.m.,Wednesday
june,26,Sri Rama Lingeshwara Ekadasa Rudrabhishekam,3:00 to 4:00 p.m.,Wednesday
june,27,Sri Rama Lingeshwara Ekadasa Rudrabhishekam,3:00 to 4:00 p.m.,Wednesday
june,27,Sri Rama Lingeshwara Ekadasa Rudrabhishekam,3:00 to 4:00 p.m.,Wednesday
june,28,Sri Rama Lingeshwara Ekadasa Rudrabhishekam,3:00 to 4:00 p.m.,Wednesday
june,28,Sri Rama Lingeshwara Ekadasa Rudrabhishekam,3:00 to 4:00 p.m.,Wednesday
june,30,Sri Rama Lingeshwara Ekadasa Rudrabhishekam,3:00 to 4:00 p.m.,Wednesday
june,30,Sri Rama Lingeshwara Ekadasa Rudrabhishekam,3:00 to 4:00 p.m.,Wednesday
june,30,Sri Rama Lingeshwara Ekadasa Rudrabhishekam,3:00 to 4:00 p.m.,Wednesday
june,30,Sri Rama Lingeshwara Ekadasa Rudrabhishekam,3:00 to 4:00 p.m.,Wednesday
june,30,Sri Rama Lingeshwara Ekadasa Rudrabhishekam,3:00 to 4:00 p.m.,Wednesday
june,30,Sri Rama Lingeshwara Ekadasa Rudrabhishekam,3:00 to 4:00 p.m.,Wednesday
july,01,Sri Rama Lingeshwara Ekadasa Rudrabhishekam,3:00 to 4:00 p.m.,Wednesday
july,01,Sri Rama Lingeshwara Ekadasa Rudrabhishekam,3:00 to 4:00 p.m.,Wednesday
july,01,Sri Rama Lingeshwara Ekadasa Rudrabhishekam,3:00 to 4:00 p.m.,Wednesday
july,02,Sri Rama Lingeshwara Ekadasa Rudrabhishekam,3:00 to 4:00 p.m.,Wednesday
july,02,Sri Rama Lingeshwara Ekadasa Rudrabhishekam,3:00 to 4:00 p.m.,Wednesday
july,02,Sri Rama Lingeshwara Ekadasa Rudrabhishekam,3:00 to 4:00 p.m.,Wednesday
july,02,Sri Rama Lingeshwara Ekadasa Rudrabhishekam,3:00 to 4:00 p.m.,Wednesday
july,02,Sri Rama Lingeshwara Ekadasa Rudrabhishekam,3:00 to 4:00 p.m.,Wednesday
july,05,Sri Rama Lingeshwara Ekadasa Rudrabhishekam,3:00 to 4:00 p.m.,Wednesday
july,06,Sri Rama Lingeshwara Ekadasa Rudrabhishekam,3:00 to 4:00 p.m.,Wednesday
july,07,Sri Rama Lingeshwara Ekadasa Rudrabhishekam,3:00 to 4:00 p.m.,Wednesday
july,07,Sri Rama Lingeshwara Ekadasa Rudrabhishekam,3:00 to 4:00 p.m.,Wednesday
july,08,Sri Rama Lingeshwara Ekadasa Rudrabhishekam,3:00 to 4:00 p.m.,Wednesday
july,08,Sri Rama Lingeshwara Ekadasa Rudrabhishekam,3:00 to 4:00 p.m.,Wednesday
july,08,Sri Rama Lingeshwara Ekadasa Rudrabhishekam,3:00 to 4:00 p.m.,Wednesday
july,09,Sri Rama Lingeshwara Ekadasa Rudrabhishekam,3:00 to 4:00 p.m.,Wednesday
july,10,Sri Rama Lingeshwara Ekadasa Rudrabhishekam,3:00 to 4:00 p.m.,Wednesday
july,11,Sri Rama Lingeshwara Ekadasa Rudrabhishekam,3:00 to 4:00 p.m.,Wednesday
july,11,Sri Rama Lingeshwara Ekadasa Rudrabhishekam,3:00 to 4:00 p.m.,Wednesday
july,12,Sri Rama Lingeshwara Ekadasa Rudrabhishekam,3:00 to 4:00 p.m.,Wednesday
july,12,Sri Rama Lingeshwara Ekadasa Rudrabhishekam,3:00 to 4:00 p.m.,Wednesday
july,13,Sri Rama Lingeshwara Ekadasa Rudrabhishekam,3:00 to 4:00 p.m.,Wednesday
july,14,Sri Rama Lingeshwara Ekadasa Rudrabhishekam,3:00 to 4:00 p.m.,Wednesday
july,14,Sri Rama Lingeshwara Ekadasa Rudrabhishekam,3:00 to 4:00 p.m.,Wednesday
july,14,Sri Rama Lingeshwara Ekadasa Rudrabhishekam,3:00 to 4:00 p.m.,Wednesday
july,15,Sri Rama Lingeshwara Ekadasa Rudrabhishekam,3:00 to 4:00 p.m.,Wednesday
july,15,Sri Rama Lingeshwara Ekadasa Rudrabhishekam,3:00 to 4:00 p.m.,Wednesday
july,16,Sri Rama Lingeshwara Ekadasa Rudrabhishekam,3:00 to 4:00 p.m.,Wednesday
july,16,Sri Rama Lingeshwara Ekadasa Rudrabhishekam,3:00 to 4:00 p.m.,Wednesday
july,16,Sri Rama Lingeshwara Ekadasa Rudrabhishekam,3:00 to 4:00 p.m.,Wednesday
july,17,Sri Rama Lingeshwara Ekadasa Rudrabhishekam,3:00 to 4:00 p.m.,Wednesday
july,17,Sri Rama Lingeshwara Ekadasa Rudrabhishekam,3:00 to 4:00 p.m.,Wednesday
july,17,Sri Rama Lingeshwara Ekadasa Rudrabhishekam,3:00 to 4:00 p.m.,Wednesday
july,18,Sri Rama Lingeshwara Ekadasa Rudrabhishekam,3:00 to 4:00 p.m.,Wednesday
july,18,Sri Rama Lingeshwara Ekadasa Rudrabhishekam,3:00 to 4:00 p.m.,Wednesday
july,18,Sri Rama Lingeshwara Ekadasa Rudrabhishekam,3:00 to 4:00 p.m.,Wednesday
july,19,Sri Rama Lingeshwara Ekadasa Rudrabhishekam,3:00 to 4:00 p.m.,Wednesday
july,19,Sri Rama Lingeshwara Ekadasa Rudrabhishekam,3:00 to 4:00 p.m.,Wednesday
july,19,Sri Rama Lingeshwara Ekadasa Rudrabhishekam,3:00 to 4:00 p.m.,Wednesday
july,20,Sri Rama Lingeshwara Ekadasa Rudrabhishekam,3:00 to 4:00 p.m.,Wednesday
july,20,Sri Rama Lingeshwara Ekadasa Rudrabhishekam,3:00 to 4:00 p.m.,Wednesday
july,21,Sri Rama Lingeshwara Ekadasa Rudrabhishekam,3:00 to 4:00 p.m.,Wednesday
july,21,Sri Rama Lingeshwara Ekadasa Rudrabhishekam,3:00 to 4:00 p.m.,Wednesday
july,22,Sri Rama Lingeshwara Ekadasa Rudrabhishekam,3:00 to 4:00 p.m.,Wednesday
july,22,Sri Rama Lingeshwara Ekadasa Rudrabhishekam,3:00 to 4:00 p.m.,Wednesday
july,22,Sri Rama Lingeshwara Ekadasa Rudrabhishekam,3:00 to 4:00 p.m.,Wednesday
july,23,Sri Rama Lingeshwara Ekadasa Rudrabhishekam,3:00 to 4:00 p.m.,Wednesday
july,23,Sri Rama Lingeshwara Ekadasa Rudrabhishekam,3:00 to 4:00 p.m.,Wednesday
july,23,Sri Rama Lingeshwara Ekadasa Rudrabhishekam,3:00 to 4:00 p.m.,Wednesday
july,24,Sri Rama Lingeshwara Ekadasa Rudrabhishekam,3:00 to 4:00 p.m.,Wednesday
july,24,Sri Rama Lingeshwara Ekadasa Rudrabhishekam,3:00 to 4:00 p.m.,Wednesday
july,24,Sri Rama Lingeshwara Ekadasa Rudrabhishekam,3:00 to 4:00 p.m.,Wednesday
july,24,Sri Rama Lingeshwara Ekadasa Rudrabhishekam,3:00 to 4:00 p.m.,Wednesday
july,24,Sri Rama Lingeshwara Ekadasa Rudrabhishekam,3:00 to 4:00 p.m.,Wednesday
july,23,Sri Rama Lingeshwara Ekadasa Rudrabhishekam,3:00 to 4:00 p.m.,Wednesday
july,24,Sri Rama Lingeshwara Ekadasa Rudrabhishekam,3:00 to 4:00 p.m.,Wednesday
july,24,Sri Rama Lingeshwara Ekadasa Rudrabhishekam,3:00 to 4:00 p.m.,Wednesday
july,24,Sri Rama Lingeshwara Ekadasa Rudrabhishekam,3:00 to 4:00 p.m.,Wednesday
july,26,Sri Rama Lingeshwara Ekadasa Rudrabhishekam,3:00 to 4:00 p.m.,Wednesday
july,22,Sri Rama Lingeshwara Ekadasa Rudrabhishekam,3:00 to 4:00 p.m.,Wednesday
july,16,Sri Rama Lingeshwara Ekadasa Rudrabhishekam,3:00 to 4:00 p.m.,Wednesday
july,26,Sri Rama Lingeshwara Ekadasa Rudrabhishekam,3:00 to 4:00 p.m.,Wednesday
july,26,Sri Rama Lingeshwara Ekadasa Rudrabhishekam,3:00 to 4:00 p.m.,Wednesday
july,26,Sri Rama Lingeshwara Ekadasa Rudrabhishekam,3:00 to 4:00 p.m.,Wednesday
july,26,Sri Rama Lingeshwara Ekadasa Rudrabhishekam,3:00 to 4:00 p.m.,Wednesday
july,26,Sri Rama Lingeshwara Ekadasa Rudrabhishekam,3:00 to 4:00 p.m.,Wednesday
july,26,Sri Rama Lingeshwara Ekadasa Rudrabhishekam,3:00 to 4:00 p.m.,Wednesday
july,26,Sri Rama Lingeshwara Ekadasa Rudrabhishekam,3:00 to 4:00 p.m.,Wednesday
july,26,Sri Rama Lingeshwara Ekadasa Rudrabhishekam,3:00 to 4:00 p.m.,Wednesday
july,26,Sri Rama Lingeshwara Ekadasa Rudrabhishekam,3:00 to 4:00 p.m.,Wednesday
july,26,Sri Rama Lingeshwara Ekadasa Rudrabhishekam,3:00 to 4:00 p.m.,Wednesday
july,26,Sri Rama Lingeshwara Ekadasa Rudrabhishekam,3:00 to 4:00 p.m.,Wednesday
july,26,Sri Rama Lingeshwara Ekadasa Rudrabhishekam,3:00 to 4:00 p.m.,Wednesday
july,26,Sri Rama Lingeshwara Ekadasa Rudrabhishekam,3:00 to 4:00 p.m.,Wednesday
july,26,Sri Rama Lingeshwara Ekadasa Rudrabhishekam,3:00 to 4:00 p.m.,Wednesday
july,26,Sri Rama Lingeshwara Ekadasa Rudrabhishekam,3:00 to 4:00 p.m.,Wednesday
july,26,Sri Rama Lingeshwara Ekadasa Rudrabhishekam,3:00 to 4:00 p.m.,Wednesday
july,27,Sri Rama Lingeshwara Ekadasa Rudrabhishekam,3:00 to 4:00 p.m.,Wednesday
july,27,Sri Rama Lingeshwara Ekadasa Rudrabhishekam,3:00 to 4:00 p.m.,Wednesday
july,28,Sri Rama Lingeshwara Ekadasa Rudrabhishekam,3:00 to 4:00 p.m.,Wednesday
july,28,Sri Rama Lingeshwara Ekadasa Rudrabhishekam,3:00 to 4:00 p.m.,Wednesday
july,30,Sri Rama Lingeshwara Ekadasa Rudrabhishekam,3:00 to 4:00 p.m.,Wednesday
july,30,Sri Rama Lingeshwara Ekadasa Rudrabhishekam,3:00 to 4:00 p.m.,Wednesday
july,30,Sri Rama Lingeshwara Ekadasa Rudrabhishekam,3:00 to 4:00 p.m.,Wednesday
july,30,Sri Rama Lingeshwara Ekadasa Rudrabhishekam,3:00 to 4:00 p.m.,Wednesday
july,30,Sri Rama Lingeshwara Ekadasa Rudrabhishekam,3:00 to 4:00 p.m.,Wednesday
july,30,Sri Rama Lingeshwara Ekadasa Rudrabhishekam,3:00 to 4:00 p.m.,Wednesday
august,01,Sri Rama Lingeshwara Ekadasa Rudrabhishekam,3:00 to 4:00 p.m.,Wednesday
august,01,Sri Rama Lingeshwara Ekadasa Rudrabhishekam,3:00 to 4:00 p.m.,Wednesday
august,01,Sri Rama Lingeshwara Ekadasa Rudrabhishekam,3:00 to 4:00 p.m.,Wednesday
august,02,Sri Rama Lingeshwara Ekadasa Rudrabhishekam,3:00 to 4:00 p.m.,Wednesday
august,02,Sri Rama Lingeshwara Ekadasa Rudrabhishekam,3:00 to 4:00 p.m.,Wednesday
august,02,Sri Rama Lingeshwara Ekadasa Rudrabhishekam,3:00 to 4:00 p.m.,Wednesday
august,02,Sri Rama Lingeshwara Ekadasa Rudrabhishekam,3:00 to 4:00 p.m.,Wednesday
august,02,Sri Rama Lingeshwara Ekadasa Rudrabhishekam,3:00 to 4:00 p.m.,Wednesday
august,05,Sri Rama Lingeshwara Ekadasa Rudrabhishekam,3:00 to 4:00 p.m.,Wednesday
august,06,Sri Rama Lingeshwara Ekadasa Rudrabhishekam,3:00 to 4:00 p.m.,Wednesday
august,07,Sri Rama Lingeshwara Ekadasa Rudrabhishekam,3:00 to 4:00 p.m.,Wednesday
august,07,Sri Rama Lingeshwara Ekadasa Rudrabhishekam,3:00 to 4:00 p.m.,Wednesday
august,08,Sri Rama Lingeshwara Ekadasa Rudrabhishekam,3:00 to 4:00 p.m.,Wednesday
august,08,Sri Rama Lingeshwara Ekadasa Rudrabhishekam,3:00 to 4:00 p.m.,Wednesday
august,08,Sri Rama Lingeshwara Ekadasa Rudrabhishekam,3:00 to 4:00 p.m.,Wednesday
august,09,Sri Rama Lingeshwara Ekadasa Rudrabhishekam,3:00 to 4:00 p.m.,Wednesday
august,10,Sri Rama Lingeshwara Ekadasa Rudrabhishekam,3:00 to 4:00 p.m.,Wednesday
august,11,Sri Rama Lingeshwara Ekadasa Rudrabhishekam,3:00 to 4:00 p.m.,Wednesday
august,11,Sri Rama Lingeshwara Ekadasa Rudrabhishekam,3:00 to 4:00 p.m.,Wednesday
august,12,Sri Rama Lingeshwara Ekadasa Rudrabhishekam,3:00 to 4:00 p.m.,Wednesday
august,12,Sri Rama Lingeshwara Ekadasa Rudrabhishekam,3:00 to 4:00 p.m.,Wednesday
august,13,Sri Rama Lingeshwara Ekadasa Rudrabhishekam,3:00 to 4:00 p.m.,Wednesday
august,14,Sri Rama Lingeshwara Ekadasa Rudrabhishekam,3:00 to 4:00 p.m.,Wednesday
august,14,Sri Rama Lingeshwara Ekadasa Rudrabhishekam,3:00 to 4:00 p.m.,Wednesday
august,14,Sri Rama Lingeshwara Ekadasa Rudrabhishekam,3:00 to 4:00 p.m.,Wednesday
august,15,Sri Rama Lingeshwara Ekadasa Rudrabhishekam,3:00 to 4:00 p.m.,Wednesday
august,15,Sri Rama Lingeshwara Ekadasa Rudrabhishekam,3:00 to 4:00 p.m.,Wednesday
august,16,Sri Rama Lingeshwara Ekadasa Rudrabhishekam,3:00 to 4:00 p.m.,Wednesday
august,16,Sri Rama Lingeshwara Ekadasa Rudrabhishekam,3:00 to 4:00 p.m.,Wednesday
august,16,Sri Rama Lingeshwara Ekadasa Rudrabhishekam,3:00 to 4:00 p.m.,Wednesday
august,17,Sri Rama Lingeshwara Ekadasa Rudrabhishekam,3:00 to 4:00 p.m.,Wednesday
august,17,Sri Rama Lingeshwara Ekadasa Rudrabhishekam,3:00 to 4:00 p.m.,Wednesday
august,17,Sri Rama Lingeshwara Ekadasa Rudrabhishekam,3:00 to 4:00 p.m.,Wednesday
august,18,Sri Rama Lingeshwara Ekadasa Rudrabhishekam,3:00 to 4:00 p.m.,Wednesday
august,18,Sri Rama Lingeshwara Ekadasa Rudrabhishekam,3:00 to 4:00 p.m.,Wednesday
august,18,Sri Rama Lingeshwara Ekadasa Rudrabhishekam,3:00 to 4:00 p.m.,Wednesday
august,19,Sri Rama Lingeshwara Ekadasa Rudrabhishekam,3:00 to 4:00 p.m.,Wednesday
august,19,Sri Rama Lingeshwara Ekadasa Rudrabhishekam,3:00 to 4:00 p.m.,Wednesday
august,19,Sri Rama Lingeshwara Ekadasa Rudrabhishekam,3:00 to 4:00 p.m.,Wednesday
august,20,Sri Rama Lingeshwara Ekadasa Rudrabhishekam,3:00 to 4:00 p.m.,Wednesday
august,20,Sri Rama Lingeshwara Ekadasa Rudrabhishekam,3:00 to 4:00 p.m.,Wednesday
august,21,Sri Rama Lingeshwara Ekadasa Rudrabhishekam,3:00 to 4:00 p.m.,Wednesday
august,21,Sri Rama Lingeshwara Ekadasa Rudrabhishekam,3:00 to 4:00 p.m.,Wednesday
august,22,Sri Rama Lingeshwara Ekadasa Rudrabhishekam,3:00 to 4:00 p.m.,Wednesday
august,22,Sri Rama Lingeshwara Ekadasa Rudrabhishekam,3:00 to 4:00 p.m.,Wednesday
august,22,Sri Rama Lingeshwara Ekadasa Rudrabhishekam,3:00 to 4:00 p.m.,Wednesday
august,23,Sri Rama Lingeshwara Ekadasa Rudrabhishekam,3:00 to 4:00 p.m.,Wednesday
august,23,Sri Rama Lingeshwara Ekadasa Rudrabhishekam,3:00 to 4:00 p.m.,Wednesday
august,23,Sri Rama Lingeshwara Ekadasa Rudrabhishekam,3:00 to 4:00 p.m.,Wednesday
august,24,Sri Rama Lingeshwara Ekadasa Rudrabhishekam,3:00 to 4:00 p.m.,Wednesday
august,24,Sri Rama Lingeshwara Ekadasa Rudrabhishekam,3:00 to 4:00 p.m.,Wednesday
august,24,Sri Rama Lingeshwara Ekadasa Rudrabhishekam,3:00 to 4:00 p.m.,Wednesday
august,24,Sri Rama Lingeshwara Ekadasa Rudrabhishekam,3:00 to 4:00 p.m.,Wednesday
august,24,Sri Rama Lingeshwara Ekadasa Rudrabhishekam,3:00 to 4:00 p.m.,Wednesday
august,23,Sri Rama Lingeshwara Ekadasa Rudrabhishekam,3:00 to 4:00 p.m.,Wednesday
august,24,Sri Rama Lingeshwara Ekadasa Rudrabhishekam,3:00 to 4:00 p.m.,Wednesday
august,24,Sri Rama Lingeshwara Ekadasa Rudrabhishekam,3:00 to 4:00 p.m.,Wednesday
august,24,Sri Rama Lingeshwara Ekadasa Rudrabhishekam,3:00 to 4:00 p.m.,Wednesday
august,26,Sri Rama Lingeshwara Ekadasa Rudrabhishekam,3:00 to 4:00 p.m.,Wednesday
august,22,Sri Rama Lingeshwara Ekadasa Rudrabhishekam,3:00 to 4:00 p.m.,Wednesday
august,16,Sri Rama Lingeshwara Ekadasa Rudrabhishekam,3:00 to 4:00 p.m.,Wednesday
august,26,Sri Rama Lingeshwara Ekadasa Rudrabhishekam,3:00 to 4:00 p.m.,Wednesday
august,26,Sri Rama Lingeshwara Ekadasa Rudrabhishekam,3:00 to 4:00 p.m.,Wednesday
august,26,Sri Rama Lingeshwara Ekadasa Rudrabhishekam,3:00 to 4:00 p.m.,Wednesday
august,26,Sri Rama Lingeshwara Ekadasa Rudrabhishekam,3:00 to 4:00 p.m.,Wednesday
august,26,Sri Rama Lingeshwara Ekadasa Rudrabhishekam,3:00 to 4:00 p.m.,Wednesday
august,26,Sri Rama Lingeshwara Ekadasa Rudrabhishekam,3:00 to 4:00 p.m.,Wednesday
august,26,Sri Rama Lingeshwara Ekadasa Rudrabhishekam,3:00 to 4:00 p.m.,Wednesday
august,26,Sri Rama Lingeshwara Ekadasa Rudrabhishekam,3:00 to 4:00 p.m.,Wednesday
august,26,Sri Rama Lingeshwara Ekadasa Rudrabhishekam,3:00 to 4:00 p.m.,Wednesday
august,26,Sri Rama Lingeshwara Ekadasa Rudrabhishekam,3:00 to 4:00 p.m.,Wednesday
august,26,Sri Rama Lingeshwara Ekadasa Rudrabhishekam,3:00 to 4:00 p.m.,Wednesday
august,26,Sri Rama Lingeshwara Ekadasa Rudrabhishekam,3:00 to 4:00 p.m.,Wednesday
august,26,Sri Rama Lingeshwara Ekadasa Rudrabhishekam,3:00 to 4:00 p.m.,Wednesday
august,26,Sri Rama Lingeshwara Ekadasa Rudrabhishekam,3:00 to 4:00 p.m.,Wednesday
august,26,Sri Rama Lingeshwara Ekadasa Rudrabhishekam,3:00 to 4:00 p.m.,Wednesday
august,26,Sri Rama Lingeshwara Ekadasa Rudrabhishekam,3:00 to 4:00 p.m.,Wednesday
august,27,Sri Rama Lingeshwara Ekadasa Rudrabhishekam,3:00 to 4:00 p.m.,Wednesday
august,27,Sri Rama Lingeshwara Ekadasa Rudrabhishekam,3:00 to 4:00 p.m.,Wednesday
august,28,Sri Rama Lingeshwara Ekadasa Rudrabhishekam,3:00 to 4:00 p.m.,Wednesday
august,28,Sri Rama Lingeshwara Ekadasa Rudrabhishekam,3:00 to 4:00 p.m.,Wednesday
august,30,Sri Rama Lingeshwara Ekadasa Rudrabhishekam,3:00 to 4:00 p.m.,Wednesday
august,30,Sri Rama Lingeshwara Ekadasa Rudrabhishekam,3:00 to 4:00 p.m.,Wednesday
august,30,Sri Rama Lingeshwara Ekadasa Rudrabhishekam,3:00 to 4:00 p.m.,Wednesday
august,30,Sri Rama Lingeshwara Ekadasa Rudrabhishekam,3:00 to 4:00 p.m.,Wednesday
august,30,Sri Rama Lingeshwara Ekadasa Rudrabhishekam,3:00 to 4:00 p.m.,Wednesday
august,30,Sri Rama Lingeshwara Ekadasa Rudrabhishekam,3:00 to 4:00 p.m.,Wednesday


